ID,Name,Year,Distance,Area
467590,恆春,2004.0,4500.0,6356.0
467790,墾丁雷達站,2004.0,4500.0,0.0
C0R100,尾寮山,2004.0,4500.0,80894.78624908859
C0R130,阿禮,2004.0,4500.0,1304751.615140415
C0R140,瑪家,2004.0,4500.0,670164.8693090364
C0R150,三地門,2004.0,4500.0,41445.5
C0R160,鹽埔,2004.0,4500.0,0.0
C0R170,屏東,2004.0,4500.0,0.0
C0R190,赤山,2004.0,4500.0,0.0
C0R220,潮州,2004.0,4500.0,0.0
C0R240,來義,2004.0,4500.0,0.0
C0R260,春日,2004.0,4500.0,5752.0
C0R270,琉球嶼,2004.0,4500.0,0.0
C0R280,檳榔,2004.0,4500.0,33616.41143168238
C0R320,車城,2004.0,4500.0,1717.6344422353432
C0R341,牡丹,2004.0,4500.0,42630.0
C0R350,貓鼻頭,2004.0,4500.0,0.0
C0R440,大漢山,2004.0,4500.0,34468.0
C0R470,高樹,2004.0,4500.0,0.0
C0R480,長治,2004.0,4500.0,0.0
C0R490,九如,2004.0,4500.0,0.0
C0R510,萬丹,2004.0,4500.0,0.0
C0R520,崁頂,2004.0,4500.0,0.0
C0R530,林邊,2004.0,4500.0,0.0
C0R540,佳冬,2004.0,4500.0,0.0
C0R550,新埤,2004.0,4500.0,0.0
C0R560,新園,2004.0,4500.0,0.0
C0R570,麟洛,2004.0,4500.0,0.0
C0R580,南州,2004.0,4500.0,0.0
C0R590,里港,2004.0,4500.0,0.0
C0R600,舊泰武,2004.0,4500.0,4616.0
C0R620,墾雷,2004.0,4500.0,0.0
C0R640,東港,2004.0,4500.0,0.0
C0R650,竹田,2004.0,4500.0,0.0
C0R660,枋寮,2004.0,4500.0,0.0
C0R670,楓港,2004.0,4500.0,26909.823446141694
C0R680,佳樂水,2004.0,4500.0,5004.0
C0R690,墾丁,2004.0,4500.0,0.0
C0R700,枋山,2004.0,4500.0,4890.19562121789
C0R710,龍磐,2004.0,4500.0,0.0
C0R720,旭海,2004.0,4500.0,2552.0
C0R730,大坪頂,2004.0,4500.0,0.0
C0R740,獅子,2004.0,4500.0,31131.81224637268
C0R750,四林格山,2004.0,4500.0,31276.62980180289
C0R760,南仁湖,2004.0,4500.0,54976.0
C0R770,保力,2004.0,4500.0,21610.48420489207
C0R780,滿州,2004.0,4500.0,6204.0
C0R790,九棚,2004.0,4500.0,4380.0
C0R800,丹路,2004.0,4500.0,44189.7083937499
C0R810,內獅,2004.0,4500.0,8468.0
C0R820,白鷺,2004.0,4500.0,27672.688248448074
C0R830,高士,2004.0,4500.0,18144.87361536084
C0R840,牡丹池山,2004.0,4500.0,7654.844817572077
C1R110,口社,2004.0,4500.0,14476.0
C1R120,上德文,2004.0,4500.0,532899.1428941451
C1R250,力里,2004.0,4500.0,13411.64137043662
C1R290,石門山,2004.0,4500.0,39587.849208676824
C1R610,西大武山,2004.0,4500.0,246324.6722231917
C1R630,龍泉,2004.0,4500.0,0.0
C0R340,牡丹,2004.0,4500.0,4816.815918010066
C0R360,墾丁,2004.0,4500.0,0.0
C0R370,佳樂水,2004.0,4500.0,5004.0
C0R380,枋寮,2004.0,4500.0,0.0
C0R400,楓港,2004.0,4500.0,28471.234429072214
C0R420,牡丹池山,2004.0,4500.0,8900.0
C0R430,東港,2004.0,4500.0,0.0
C0R500,竹田,2004.0,4500.0,0.0
C1R090,里港,2004.0,4500.0,0.0
C1R130,阿禮,2004.0,4500.0,1306876.3839416346
C1R140,瑪家,2004.0,4500.0,670142.0
C1R160,新圍,2004.0,4500.0,0.0
C1R170,屏東,2004.0,4500.0,0.0
C1R190,赤山,2004.0,4500.0,0.0
C1R200,龍泉,2004.0,4500.0,0.0
C1R201,龍泉,2004.0,4500.0,0.0
C1R210,麟洛,2004.0,4500.0,0.0
C1R230,南州,2004.0,4500.0,0.0
C1R240,來義,2004.0,4500.0,0.0
C1R260,春日,2004.0,4500.0,5752.0
C1R300,旭海,2004.0,4500.0,1077.6165949806852
C1R320,車城,2004.0,4500.0,1717.6344422353432
C1R330,枋山,2004.0,4500.0,4878.952934738621
C1R340,牡丹,2004.0,4500.0,42630.0
C1R440,大漢山,2004.0,4500.0,34468.0
467590,恆春,2005.0,4500.0,0.0
467790,墾丁雷達站,2005.0,4500.0,0.0
C0R100,尾寮山,2005.0,4500.0,713244.9514172154
C0R130,阿禮,2005.0,4500.0,476358.06925647234
C0R140,瑪家,2005.0,4500.0,285052.870109024
C0R150,三地門,2005.0,4500.0,29652.983774100318
C0R160,鹽埔,2005.0,4500.0,0.0
C0R170,屏東,2005.0,4500.0,0.0
C0R190,赤山,2005.0,4500.0,0.0
C0R220,潮州,2005.0,4500.0,0.0
C0R240,來義,2005.0,4500.0,14367.03469667824
C0R260,春日,2005.0,4500.0,41329.92688570979
C0R270,琉球嶼,2005.0,4500.0,0.0
C0R280,檳榔,2005.0,4500.0,21736.92803425063
C0R320,車城,2005.0,4500.0,0.0
C0R341,牡丹,2005.0,4500.0,61024.215924248645
C0R350,貓鼻頭,2005.0,4500.0,0.0
C0R440,大漢山,2005.0,4500.0,176551.64775828886
C0R470,高樹,2005.0,4500.0,0.0
C0R480,長治,2005.0,4500.0,0.0
C0R490,九如,2005.0,4500.0,0.0
C0R510,萬丹,2005.0,4500.0,0.0
C0R520,崁頂,2005.0,4500.0,0.0
C0R530,林邊,2005.0,4500.0,0.0
C0R540,佳冬,2005.0,4500.0,0.0
C0R550,新埤,2005.0,4500.0,0.0
C0R560,新園,2005.0,4500.0,0.0
C0R570,麟洛,2005.0,4500.0,0.0
C0R580,南州,2005.0,4500.0,0.0
C0R590,里港,2005.0,4500.0,0.0
C0R600,舊泰武,2005.0,4500.0,80490.87563002636
C0R620,墾雷,2005.0,4500.0,0.0
C0R640,東港,2005.0,4500.0,0.0
C0R650,竹田,2005.0,4500.0,0.0
C0R660,枋寮,2005.0,4500.0,0.0
C0R670,楓港,2005.0,4500.0,1678.5526935209505
C0R680,佳樂水,2005.0,4500.0,0.0
C0R690,墾丁,2005.0,4500.0,0.0
C0R700,枋山,2005.0,4500.0,1791.829979092923
C0R710,龍磐,2005.0,4500.0,0.0
C0R720,旭海,2005.0,4500.0,43061.8015212786
C0R730,大坪頂,2005.0,4500.0,0.0
C0R740,獅子,2005.0,4500.0,4730.570994276027
C0R750,四林格山,2005.0,4500.0,9585.199597622268
C0R760,南仁湖,2005.0,4500.0,89062.70741841021
C0R770,保力,2005.0,4500.0,1955.212847034638
C0R780,滿州,2005.0,4500.0,0.0
C0R790,九棚,2005.0,4500.0,66674.56988126016
C0R800,丹路,2005.0,4500.0,49227.17216832392
C0R810,內獅,2005.0,4500.0,502.0790441765281
C0R820,白鷺,2005.0,4500.0,150797.43528449713
C0R830,高士,2005.0,4500.0,138093.27213622603
C0R840,牡丹池山,2005.0,4500.0,83039.47413947879
C1R110,口社,2005.0,4500.0,49286.59276140621
C1R120,上德文,2005.0,4500.0,285967.28731420776
C1R250,力里,2005.0,4500.0,21006.76604847178
C1R290,石門山,2005.0,4500.0,14372.134295080788
C1R610,西大武山,2005.0,4500.0,311588.48531736666
C1R630,龍泉,2005.0,4500.0,0.0
C0R340,牡丹,2005.0,4500.0,50764.31941722245
C0R360,墾丁,2005.0,4500.0,0.0
C0R370,佳樂水,2005.0,4500.0,0.0
C0R380,枋寮,2005.0,4500.0,0.0
C0R400,楓港,2005.0,4500.0,1678.5526935209505
C0R420,牡丹池山,2005.0,4500.0,83529.59793475576
C0R430,東港,2005.0,4500.0,0.0
C0R500,竹田,2005.0,4500.0,0.0
C1R090,里港,2005.0,4500.0,0.0
C1R130,阿禮,2005.0,4500.0,482870.8195615877
C1R140,瑪家,2005.0,4500.0,285112.6087132283
C1R160,新圍,2005.0,4500.0,0.0
C1R170,屏東,2005.0,4500.0,0.0
C1R190,赤山,2005.0,4500.0,0.0
C1R200,龍泉,2005.0,4500.0,1324.9308405080378
C1R201,龍泉,2005.0,4500.0,1324.9308405080378
C1R210,麟洛,2005.0,4500.0,0.0
C1R230,南州,2005.0,4500.0,0.0
C1R240,來義,2005.0,4500.0,14367.03469667824
C1R260,春日,2005.0,4500.0,41329.92688570979
C1R300,旭海,2005.0,4500.0,37811.792735579904
C1R320,車城,2005.0,4500.0,0.0
C1R330,枋山,2005.0,4500.0,1791.829979092923
C1R340,牡丹,2005.0,4500.0,61024.215924248645
C1R440,大漢山,2005.0,4500.0,176551.64775828886
467590,恆春,2006.0,4500.0,21419.37917633762
467790,墾丁雷達站,2006.0,4500.0,2742.0438793635253
C0R100,尾寮山,2006.0,4500.0,108945.75987985557
C0R130,阿禮,2006.0,4500.0,399087.0743036296
C0R140,瑪家,2006.0,4500.0,101236.4390231545
C0R150,三地門,2006.0,4500.0,2234.2844977561713
C0R160,鹽埔,2006.0,4500.0,0.0
C0R170,屏東,2006.0,4500.0,0.0
C0R190,赤山,2006.0,4500.0,0.0
C0R220,潮州,2006.0,4500.0,0.0
C0R240,來義,2006.0,4500.0,0.0
C0R260,春日,2006.0,4500.0,16970.92492935487
C0R270,琉球嶼,2006.0,4500.0,0.0
C0R280,檳榔,2006.0,4500.0,1933.1450896214408
C0R320,車城,2006.0,4500.0,0.0
C0R341,牡丹,2006.0,4500.0,14147.781876913345
C0R350,貓鼻頭,2006.0,4500.0,0.0
C0R440,大漢山,2006.0,4500.0,166774.44994669672
C0R470,高樹,2006.0,4500.0,0.0
C0R480,長治,2006.0,4500.0,0.0
C0R490,九如,2006.0,4500.0,0.0
C0R510,萬丹,2006.0,4500.0,0.0
C0R520,崁頂,2006.0,4500.0,0.0
C0R530,林邊,2006.0,4500.0,0.0
C0R540,佳冬,2006.0,4500.0,0.0
C0R550,新埤,2006.0,4500.0,0.0
C0R560,新園,2006.0,4500.0,0.0
C0R570,麟洛,2006.0,4500.0,0.0
C0R580,南州,2006.0,4500.0,0.0
C0R590,里港,2006.0,4500.0,0.0
C0R600,舊泰武,2006.0,4500.0,15606.197974327519
C0R620,墾雷,2006.0,4500.0,0.0
C0R640,東港,2006.0,4500.0,0.0
C0R650,竹田,2006.0,4500.0,0.0
C0R660,枋寮,2006.0,4500.0,0.0
C0R670,楓港,2006.0,4500.0,0.0
C0R680,佳樂水,2006.0,4500.0,3767.425235659666
C0R690,墾丁,2006.0,4500.0,7090.677179268796
C0R700,枋山,2006.0,4500.0,0.0
C0R710,龍磐,2006.0,4500.0,0.0
C0R720,旭海,2006.0,4500.0,10416.457825939064
C0R730,大坪頂,2006.0,4500.0,0.0
C0R740,獅子,2006.0,4500.0,1815.152416328229
C0R750,四林格山,2006.0,4500.0,13666.14566571657
C0R760,南仁湖,2006.0,4500.0,8634.682593463413
C0R770,保力,2006.0,4500.0,17773.216951927192
C0R780,滿州,2006.0,4500.0,1025.3813562961407
C0R790,九棚,2006.0,4500.0,3135.0159810708024
C0R800,丹路,2006.0,4500.0,42946.96726362047
C0R810,內獅,2006.0,4500.0,0.0
C0R820,白鷺,2006.0,4500.0,51466.91263269401
C0R830,高士,2006.0,4500.0,7592.580613097822
C0R840,牡丹池山,2006.0,4500.0,8673.760100881927
C1R110,口社,2006.0,4500.0,9737.557909165544
C1R120,上德文,2006.0,4500.0,97684.57944187966
C1R250,力里,2006.0,4500.0,12261.018776826126
C1R290,石門山,2006.0,4500.0,39289.61326607749
C1R610,西大武山,2006.0,4500.0,776454.3198848728
C1R630,龍泉,2006.0,4500.0,0.0
C0R340,牡丹,2006.0,4500.0,8865.555337328982
C0R360,墾丁,2006.0,4500.0,2742.0438793635253
C0R370,佳樂水,2006.0,4500.0,3767.425235659666
C0R380,枋寮,2006.0,4500.0,0.0
C0R400,楓港,2006.0,4500.0,0.0
C0R420,牡丹池山,2006.0,4500.0,8673.760100881927
C0R430,東港,2006.0,4500.0,0.0
C0R500,竹田,2006.0,4500.0,0.0
C1R090,里港,2006.0,4500.0,0.0
C1R130,阿禮,2006.0,4500.0,400994.44036525534
C1R140,瑪家,2006.0,4500.0,100118.75665027933
C1R160,新圍,2006.0,4500.0,0.0
C1R170,屏東,2006.0,4500.0,0.0
C1R190,赤山,2006.0,4500.0,0.0
C1R200,龍泉,2006.0,4500.0,0.0
C1R201,龍泉,2006.0,4500.0,0.0
C1R210,麟洛,2006.0,4500.0,0.0
C1R230,南州,2006.0,4500.0,0.0
C1R240,來義,2006.0,4500.0,0.0
C1R260,春日,2006.0,4500.0,16970.92492935487
C1R300,旭海,2006.0,4500.0,7940.789433201389
C1R320,車城,2006.0,4500.0,0.0
C1R330,枋山,2006.0,4500.0,0.0
C1R340,牡丹,2006.0,4500.0,14147.781876913345
C1R440,大漢山,2006.0,4500.0,166774.44994669672
467590,恆春,2007.0,4500.0,117477.77853706623
467790,墾丁雷達站,2007.0,4500.0,21864.094377540314
C0R100,尾寮山,2007.0,4500.0,142427.75729504685
C0R130,阿禮,2007.0,4500.0,986817.1721436252
C0R140,瑪家,2007.0,4500.0,1213858.8302924603
C0R150,三地門,2007.0,4500.0,75138.39971996038
C0R160,鹽埔,2007.0,4500.0,0.0
C0R170,屏東,2007.0,4500.0,0.0
C0R190,赤山,2007.0,4500.0,21155.750596129543
C0R220,潮州,2007.0,4500.0,0.0
C0R240,來義,2007.0,4500.0,19711.3256140151
C0R260,春日,2007.0,4500.0,0.0
C0R270,琉球嶼,2007.0,4500.0,0.0
C0R280,檳榔,2007.0,4500.0,114097.77389203945
C0R320,車城,2007.0,4500.0,281622.151914865
C0R341,牡丹,2007.0,4500.0,154586.5050490742
C0R350,貓鼻頭,2007.0,4500.0,0.0
C0R440,大漢山,2007.0,4500.0,631197.7040179181
C0R470,高樹,2007.0,4500.0,0.0
C0R480,長治,2007.0,4500.0,0.0
C0R490,九如,2007.0,4500.0,0.0
C0R510,萬丹,2007.0,4500.0,0.0
C0R520,崁頂,2007.0,4500.0,0.0
C0R530,林邊,2007.0,4500.0,0.0
C0R540,佳冬,2007.0,4500.0,0.0
C0R550,新埤,2007.0,4500.0,0.0
C0R560,新園,2007.0,4500.0,0.0
C0R570,麟洛,2007.0,4500.0,0.0
C0R580,南州,2007.0,4500.0,0.0
C0R590,里港,2007.0,4500.0,0.0
C0R600,舊泰武,2007.0,4500.0,156527.68569527267
C0R620,墾雷,2007.0,4500.0,0.0
C0R640,東港,2007.0,4500.0,0.0
C0R650,竹田,2007.0,4500.0,0.0
C0R660,枋寮,2007.0,4500.0,0.0
C0R670,楓港,2007.0,4500.0,1990.5567604408204
C0R680,佳樂水,2007.0,4500.0,3331.5873148850114
C0R690,墾丁,2007.0,4500.0,38324.216727331164
C0R700,枋山,2007.0,4500.0,15664.530863429933
C0R710,龍磐,2007.0,4500.0,6198.892423259131
C0R720,旭海,2007.0,4500.0,11009.273143383176
C0R730,大坪頂,2007.0,4500.0,0.0
C0R740,獅子,2007.0,4500.0,17053.73024203863
C0R750,四林格山,2007.0,4500.0,148983.11115240338
C0R760,南仁湖,2007.0,4500.0,74421.29410933226
C0R770,保力,2007.0,4500.0,154638.82530910327
C0R780,滿州,2007.0,4500.0,23166.85513917162
C0R790,九棚,2007.0,4500.0,46539.7077206228
C0R800,丹路,2007.0,4500.0,116047.61837600284
C0R810,內獅,2007.0,4500.0,13251.784401659268
C0R820,白鷺,2007.0,4500.0,161659.82119528754
C0R830,高士,2007.0,4500.0,116548.40195808704
C0R840,牡丹池山,2007.0,4500.0,33543.95993440225
C1R110,口社,2007.0,4500.0,11708.885069878726
C1R120,上德文,2007.0,4500.0,325609.81657004735
C1R250,力里,2007.0,4500.0,11728.756659626688
C1R290,石門山,2007.0,4500.0,671877.4804098969
C1R610,西大武山,2007.0,4500.0,442201.43355273275
C1R630,龍泉,2007.0,4500.0,0.0
C0R340,牡丹,2007.0,4500.0,28778.488340234304
C0R360,墾丁,2007.0,4500.0,21864.094377540314
C0R370,佳樂水,2007.0,4500.0,13346.648845497315
C0R380,枋寮,2007.0,4500.0,0.0
C0R400,楓港,2007.0,4500.0,2146.8263990875494
C0R420,牡丹池山,2007.0,4500.0,34443.87811155275
C0R430,東港,2007.0,4500.0,0.0
C0R500,竹田,2007.0,4500.0,0.0
C1R090,里港,2007.0,4500.0,0.0
C1R130,阿禮,2007.0,4500.0,992981.9253826955
C1R140,瑪家,2007.0,4500.0,1215538.1503089073
C1R160,新圍,2007.0,4500.0,0.0
C1R170,屏東,2007.0,4500.0,0.0
C1R190,赤山,2007.0,4500.0,21155.750596129543
C1R200,龍泉,2007.0,4500.0,0.0
C1R201,龍泉,2007.0,4500.0,0.0
C1R210,麟洛,2007.0,4500.0,0.0
C1R230,南州,2007.0,4500.0,0.0
C1R240,來義,2007.0,4500.0,19711.3256140151
C1R260,春日,2007.0,4500.0,0.0
C1R300,旭海,2007.0,4500.0,12805.537916912763
C1R320,車城,2007.0,4500.0,281622.151914865
C1R330,枋山,2007.0,4500.0,15664.530863429933
C1R340,牡丹,2007.0,4500.0,154533.13270966196
C1R440,大漢山,2007.0,4500.0,631197.7040179181
467590,恆春,2008.0,4500.0,11232.417103799069
467790,墾丁雷達站,2008.0,4500.0,7441.011480013062
C0R100,尾寮山,2008.0,4500.0,81824.25385274568
C0R130,阿禮,2008.0,4500.0,619620.7457473972
C0R140,瑪家,2008.0,4500.0,324788.9494122602
C0R150,三地門,2008.0,4500.0,18265.276590751753
C0R160,鹽埔,2008.0,4500.0,0.0
C0R170,屏東,2008.0,4500.0,0.0
C0R190,赤山,2008.0,4500.0,774.0058214679384
C0R220,潮州,2008.0,4500.0,0.0
C0R240,來義,2008.0,4500.0,2259.6299709966656
C0R260,春日,2008.0,4500.0,16695.634345251026
C0R270,琉球嶼,2008.0,4500.0,0.0
C0R280,檳榔,2008.0,4500.0,7888.956649535364
C0R320,車城,2008.0,4500.0,20.448797016069236
C0R341,牡丹,2008.0,4500.0,56155.84166261888
C0R350,貓鼻頭,2008.0,4500.0,0.0
C0R440,大漢山,2008.0,4500.0,231516.91895793684
C0R470,高樹,2008.0,4500.0,0.0
C0R480,長治,2008.0,4500.0,0.0
C0R490,九如,2008.0,4500.0,0.0
C0R510,萬丹,2008.0,4500.0,0.0
C0R520,崁頂,2008.0,4500.0,0.0
C0R530,林邊,2008.0,4500.0,0.0
C0R540,佳冬,2008.0,4500.0,0.0
C0R550,新埤,2008.0,4500.0,0.0
C0R560,新園,2008.0,4500.0,0.0
C0R570,麟洛,2008.0,4500.0,0.0
C0R580,南州,2008.0,4500.0,0.0
C0R590,里港,2008.0,4500.0,0.0
C0R600,舊泰武,2008.0,4500.0,42620.08158666589
C0R620,墾雷,2008.0,4500.0,0.0
C0R640,東港,2008.0,4500.0,0.0
C0R650,竹田,2008.0,4500.0,0.0
C0R660,枋寮,2008.0,4500.0,0.0
C0R670,楓港,2008.0,4500.0,233423.7347896679
C0R680,佳樂水,2008.0,4500.0,1060.6610814439123
C0R690,墾丁,2008.0,4500.0,18673.42858381213
C0R700,枋山,2008.0,4500.0,293088.2902430569
C0R710,龍磐,2008.0,4500.0,6700.905556047756
C0R720,旭海,2008.0,4500.0,7836.21391377725
C0R730,大坪頂,2008.0,4500.0,0.0
C0R740,獅子,2008.0,4500.0,485786.5562981649
C0R750,四林格山,2008.0,4500.0,7466.077509517022
C0R760,南仁湖,2008.0,4500.0,2519.2945518660076
C0R770,保力,2008.0,4500.0,724.4166949276469
C0R780,滿州,2008.0,4500.0,801.5459202877756
C0R790,九棚,2008.0,4500.0,5089.099263772814
C0R800,丹路,2008.0,4500.0,830039.2243639175
C0R810,內獅,2008.0,4500.0,123653.73573396378
C0R820,白鷺,2008.0,4500.0,80520.95329262585
C0R830,高士,2008.0,4500.0,5791.479578290159
C0R840,牡丹池山,2008.0,4500.0,15536.710503273376
C1R110,口社,2008.0,4500.0,6426.906121867576
C1R120,上德文,2008.0,4500.0,115450.48999443497
C1R250,力里,2008.0,4500.0,8081.91911560139
C1R290,石門山,2008.0,4500.0,54407.48224433574
C1R610,西大武山,2008.0,4500.0,155077.8097841842
C1R630,龍泉,2008.0,4500.0,0.0
C0R340,牡丹,2008.0,4500.0,10390.435949172695
C0R360,墾丁,2008.0,4500.0,7441.011480013062
C0R370,佳樂水,2008.0,4500.0,3431.3858179917233
C0R380,枋寮,2008.0,4500.0,0.0
C0R400,楓港,2008.0,4500.0,243264.0440188142
C0R420,牡丹池山,2008.0,4500.0,16089.740211350147
C0R430,東港,2008.0,4500.0,0.0
C0R500,竹田,2008.0,4500.0,0.0
C1R090,里港,2008.0,4500.0,0.0
C1R130,阿禮,2008.0,4500.0,622419.1650264967
C1R140,瑪家,2008.0,4500.0,324788.9809080771
C1R160,新圍,2008.0,4500.0,0.0
C1R170,屏東,2008.0,4500.0,0.0
C1R190,赤山,2008.0,4500.0,774.0058214679384
C1R200,龍泉,2008.0,4500.0,0.0
C1R201,龍泉,2008.0,4500.0,0.0
C1R210,麟洛,2008.0,4500.0,0.0
C1R230,南州,2008.0,4500.0,0.0
C1R240,來義,2008.0,4500.0,2259.6299709966656
C1R260,春日,2008.0,4500.0,16695.634345251026
C1R300,旭海,2008.0,4500.0,6698.049411503595
C1R320,車城,2008.0,4500.0,20.448797016069236
C1R330,枋山,2008.0,4500.0,293088.03861797485
C1R340,牡丹,2008.0,4500.0,56155.84166261888
C1R440,大漢山,2008.0,4500.0,231516.91895793684
467590,恆春,2009.0,4500.0,25689.53726252065
467790,墾丁雷達站,2009.0,4500.0,4566.967073191892
C0R100,尾寮山,2009.0,4500.0,3040150.6817046525
C0R130,阿禮,2009.0,4500.0,5238372.195891259
C0R140,瑪家,2009.0,4500.0,1977133.0683484199
C0R150,三地門,2009.0,4500.0,128193.91912890345
C0R160,鹽埔,2009.0,4500.0,0.0
C0R170,屏東,2009.0,4500.0,0.0
C0R190,赤山,2009.0,4500.0,1120.5587822124992
C0R220,潮州,2009.0,4500.0,0.0
C0R240,來義,2009.0,4500.0,82944.65237784077
C0R260,春日,2009.0,4500.0,31502.69924931989
C0R270,琉球嶼,2009.0,4500.0,0.0
C0R280,檳榔,2009.0,4500.0,22948.384348493128
C0R320,車城,2009.0,4500.0,62129.111003079466
C0R341,牡丹,2009.0,4500.0,51776.6592389147
C0R350,貓鼻頭,2009.0,4500.0,0.0
C0R440,大漢山,2009.0,4500.0,1623990.053441629
C0R470,高樹,2009.0,4500.0,0.0
C0R480,長治,2009.0,4500.0,0.0
C0R490,九如,2009.0,4500.0,0.0
C0R510,萬丹,2009.0,4500.0,0.0
C0R520,崁頂,2009.0,4500.0,0.0
C0R530,林邊,2009.0,4500.0,0.0
C0R540,佳冬,2009.0,4500.0,0.0
C0R550,新埤,2009.0,4500.0,0.0
C0R560,新園,2009.0,4500.0,0.0
C0R570,麟洛,2009.0,4500.0,0.0
C0R580,南州,2009.0,4500.0,0.0
C0R590,里港,2009.0,4500.0,0.0
C0R600,舊泰武,2009.0,4500.0,853792.8795338381
C0R620,墾雷,2009.0,4500.0,0.0
C0R640,東港,2009.0,4500.0,0.0
C0R650,竹田,2009.0,4500.0,0.0
C0R660,枋寮,2009.0,4500.0,0.0
C0R670,楓港,2009.0,4500.0,42144.167529922765
C0R680,佳樂水,2009.0,4500.0,0.0
C0R690,墾丁,2009.0,4500.0,4566.967073191892
C0R700,枋山,2009.0,4500.0,18334.805185447738
C0R710,龍磐,2009.0,4500.0,4566.967073191892
C0R720,旭海,2009.0,4500.0,9347.461297979207
C0R730,大坪頂,2009.0,4500.0,0.0
C0R740,獅子,2009.0,4500.0,43764.67298351759
C0R750,四林格山,2009.0,4500.0,12650.431131347512
C0R760,南仁湖,2009.0,4500.0,37301.24223243358
C0R770,保力,2009.0,4500.0,22337.815245850543
C0R780,滿州,2009.0,4500.0,0.0
C0R790,九棚,2009.0,4500.0,4520.574985406306
C0R800,丹路,2009.0,4500.0,40440.44961727159
C0R810,內獅,2009.0,4500.0,10110.589718337578
C0R820,白鷺,2009.0,4500.0,962016.8667843825
C0R830,高士,2009.0,4500.0,32555.801086303265
C0R840,牡丹池山,2009.0,4500.0,40624.590145290786
C1R110,口社,2009.0,4500.0,412851.21276575327
C1R120,上德文,2009.0,4500.0,4645998.361016016
C1R250,力里,2009.0,4500.0,25232.448067211597
C1R290,石門山,2009.0,4500.0,185607.50732149978
C1R610,西大武山,2009.0,4500.0,5758878.697905549
C1R630,龍泉,2009.0,4500.0,0.0
C0R340,牡丹,2009.0,4500.0,144943.38359407437
C0R360,墾丁,2009.0,4500.0,4566.967073191892
C0R370,佳樂水,2009.0,4500.0,2653.0772314332867
C0R380,枋寮,2009.0,4500.0,0.0
C0R400,楓港,2009.0,4500.0,42918.64120582766
C0R420,牡丹池山,2009.0,4500.0,49162.78159032687
C0R430,東港,2009.0,4500.0,0.0
C0R500,竹田,2009.0,4500.0,0.0
C1R090,里港,2009.0,4500.0,0.0
C1R130,阿禮,2009.0,4500.0,5235021.478618217
C1R140,瑪家,2009.0,4500.0,1997628.887402367
C1R160,新圍,2009.0,4500.0,0.0
C1R170,屏東,2009.0,4500.0,0.0
C1R190,赤山,2009.0,4500.0,1120.5587822124992
C1R200,龍泉,2009.0,4500.0,0.0
C1R201,龍泉,2009.0,4500.0,0.0
C1R210,麟洛,2009.0,4500.0,0.0
C1R230,南州,2009.0,4500.0,0.0
C1R240,來義,2009.0,4500.0,82944.65237784077
C1R260,春日,2009.0,4500.0,31502.69924931989
C1R300,旭海,2009.0,4500.0,9347.461297979207
C1R320,車城,2009.0,4500.0,62129.111003079466
C1R330,枋山,2009.0,4500.0,18334.805185447738
C1R340,牡丹,2009.0,4500.0,51712.277168482746
C1R440,大漢山,2009.0,4500.0,1623990.053441629
467590,恆春,2010.0,4500.0,13046.504154476432
467790,墾丁雷達站,2010.0,4500.0,0.0
C0R100,尾寮山,2010.0,4500.0,625572.1443235553
C0R130,阿禮,2010.0,4500.0,692996.8861535285
C0R140,瑪家,2010.0,4500.0,601622.9877672801
C0R150,三地門,2010.0,4500.0,58038.95066783148
C0R160,鹽埔,2010.0,4500.0,0.0
C0R170,屏東,2010.0,4500.0,0.0
C0R190,赤山,2010.0,4500.0,1124.548703398847
C0R220,潮州,2010.0,4500.0,0.0
C0R240,來義,2010.0,4500.0,50778.723162286835
C0R260,春日,2010.0,4500.0,8776.005235727744
C0R270,琉球嶼,2010.0,4500.0,0.0
C0R280,檳榔,2010.0,4500.0,0.0
C0R320,車城,2010.0,4500.0,1276.6491201873932
C0R341,牡丹,2010.0,4500.0,21550.094381308296
C0R350,貓鼻頭,2010.0,4500.0,0.0
C0R440,大漢山,2010.0,4500.0,363941.18370940245
C0R470,高樹,2010.0,4500.0,0.0
C0R480,長治,2010.0,4500.0,0.0
C0R490,九如,2010.0,4500.0,0.0
C0R510,萬丹,2010.0,4500.0,0.0
C0R520,崁頂,2010.0,4500.0,0.0
C0R530,林邊,2010.0,4500.0,0.0
C0R540,佳冬,2010.0,4500.0,0.0
C0R550,新埤,2010.0,4500.0,0.0
C0R560,新園,2010.0,4500.0,0.0
C0R570,麟洛,2010.0,4500.0,0.0
C0R580,南州,2010.0,4500.0,0.0
C0R590,里港,2010.0,4500.0,0.0
C0R600,舊泰武,2010.0,4500.0,235414.30520329552
C0R620,墾雷,2010.0,4500.0,0.0
C0R640,東港,2010.0,4500.0,0.0
C0R650,竹田,2010.0,4500.0,0.0
C0R660,枋寮,2010.0,4500.0,0.0
C0R670,楓港,2010.0,4500.0,0.0
C0R680,佳樂水,2010.0,4500.0,0.0
C0R690,墾丁,2010.0,4500.0,0.0
C0R700,枋山,2010.0,4500.0,1005.4800241342182
C0R710,龍磐,2010.0,4500.0,0.0
C0R720,旭海,2010.0,4500.0,3288.599709783958
C0R730,大坪頂,2010.0,4500.0,0.0
C0R740,獅子,2010.0,4500.0,9011.27569440159
C0R750,四林格山,2010.0,4500.0,4484.581372710201
C0R760,南仁湖,2010.0,4500.0,7471.7402301256825
C0R770,保力,2010.0,4500.0,4484.581372710201
C0R780,滿州,2010.0,4500.0,0.0
C0R790,九棚,2010.0,4500.0,2840.9643975187564
C0R800,丹路,2010.0,4500.0,55998.332379576386
C0R810,內獅,2010.0,4500.0,0.0
C0R820,白鷺,2010.0,4500.0,296037.5397605303
C0R830,高士,2010.0,4500.0,4940.857793552135
C0R840,牡丹池山,2010.0,4500.0,7208.015733550942
C1R110,口社,2010.0,4500.0,82271.3755955002
C1R120,上德文,2010.0,4500.0,747643.300425192
C1R250,力里,2010.0,4500.0,46633.03244292403
C1R290,石門山,2010.0,4500.0,32520.673867205107
C1R610,西大武山,2010.0,4500.0,210202.337374331
C1R630,龍泉,2010.0,4500.0,0.0
C0R340,牡丹,2010.0,4500.0,17460.52927504249
C0R360,墾丁,2010.0,4500.0,0.0
C0R370,佳樂水,2010.0,4500.0,0.0
C0R380,枋寮,2010.0,4500.0,0.0
C0R400,楓港,2010.0,4500.0,0.0
C0R420,牡丹池山,2010.0,4500.0,7208.015733550942
C0R430,東港,2010.0,4500.0,0.0
C0R500,竹田,2010.0,4500.0,0.0
C1R090,里港,2010.0,4500.0,0.0
C1R130,阿禮,2010.0,4500.0,696687.3193530046
C1R140,瑪家,2010.0,4500.0,605875.5512482431
C1R160,新圍,2010.0,4500.0,0.0
C1R170,屏東,2010.0,4500.0,0.0
C1R190,赤山,2010.0,4500.0,1124.548703398847
C1R200,龍泉,2010.0,4500.0,4921.958159582454
C1R201,龍泉,2010.0,4500.0,3588.5748637754023
C1R210,麟洛,2010.0,4500.0,0.0
C1R230,南州,2010.0,4500.0,0.0
C1R240,來義,2010.0,4500.0,50778.723162286835
C1R260,春日,2010.0,4500.0,8776.005235727744
C1R300,旭海,2010.0,4500.0,4273.014742892886
C1R320,車城,2010.0,4500.0,1276.6491201873932
C1R330,枋山,2010.0,4500.0,1005.4800241342182
C1R340,牡丹,2010.0,4500.0,21564.606553914302
C1R440,大漢山,2010.0,4500.0,363941.18370940245
467590,恆春,2011.0,4500.0,13630.137272918826
467790,墾丁雷達站,2011.0,4500.0,0.0
C0R100,尾寮山,2011.0,4500.0,126038.22224893249
C0R130,阿禮,2011.0,4500.0,1275477.1333085855
C0R140,瑪家,2011.0,4500.0,178255.06427685433
C0R150,三地門,2011.0,4500.0,19973.22530956137
C0R160,鹽埔,2011.0,4500.0,0.0
C0R170,屏東,2011.0,4500.0,0.0
C0R190,赤山,2011.0,4500.0,0.0
C0R220,潮州,2011.0,4500.0,0.0
C0R240,來義,2011.0,4500.0,14685.532927789143
C0R260,春日,2011.0,4500.0,9287.843337142436
C0R270,琉球嶼,2011.0,4500.0,0.0
C0R280,檳榔,2011.0,4500.0,8023.728703767085
C0R320,車城,2011.0,4500.0,1086.9190754890922
C0R341,牡丹,2011.0,4500.0,44889.970255986285
C0R350,貓鼻頭,2011.0,4500.0,0.0
C0R440,大漢山,2011.0,4500.0,643509.2347166247
C0R470,高樹,2011.0,4500.0,0.0
C0R480,長治,2011.0,4500.0,0.0
C0R490,九如,2011.0,4500.0,0.0
C0R510,萬丹,2011.0,4500.0,0.0
C0R520,崁頂,2011.0,4500.0,0.0
C0R530,林邊,2011.0,4500.0,0.0
C0R540,佳冬,2011.0,4500.0,0.0
C0R550,新埤,2011.0,4500.0,0.0
C0R560,新園,2011.0,4500.0,0.0
C0R570,麟洛,2011.0,4500.0,0.0
C0R580,南州,2011.0,4500.0,0.0
C0R590,里港,2011.0,4500.0,0.0
C0R600,舊泰武,2011.0,4500.0,123252.05985921886
C0R620,墾雷,2011.0,4500.0,0.0
C0R640,東港,2011.0,4500.0,0.0
C0R650,竹田,2011.0,4500.0,0.0
C0R660,枋寮,2011.0,4500.0,0.0
C0R670,楓港,2011.0,4500.0,33715.668133578576
C0R680,佳樂水,2011.0,4500.0,0.0
C0R690,墾丁,2011.0,4500.0,0.0
C0R700,枋山,2011.0,4500.0,1040.6987324335498
C0R710,龍磐,2011.0,4500.0,0.0
C0R720,旭海,2011.0,4500.0,0.0
C0R730,大坪頂,2011.0,4500.0,0.0
C0R740,獅子,2011.0,4500.0,32769.563770069435
C0R750,四林格山,2011.0,4500.0,88669.40109779948
C0R760,南仁湖,2011.0,4500.0,5944.530059035875
C0R770,保力,2011.0,4500.0,33442.645760797626
C0R780,滿州,2011.0,4500.0,50409.60102737772
C0R790,九棚,2011.0,4500.0,0.0
C0R800,丹路,2011.0,4500.0,33512.032867792295
C0R810,內獅,2011.0,4500.0,1787.4584817445682
C0R820,白鷺,2011.0,4500.0,378524.3730000453
C0R830,高士,2011.0,4500.0,2866.1409901712605
C0R840,牡丹池山,2011.0,4500.0,4708.781249010908
C1R110,口社,2011.0,4500.0,41922.583118015886
C1R120,上德文,2011.0,4500.0,226063.74760745993
C1R250,力里,2011.0,4500.0,1909.7628509167569
C1R290,石門山,2011.0,4500.0,41873.593041466615
C1R610,西大武山,2011.0,4500.0,1715986.236617712
C1R630,龍泉,2011.0,4500.0,0.0
C0R340,牡丹,2011.0,4500.0,10803.863232136559
C0R360,墾丁,2011.0,4500.0,0.0
C0R370,佳樂水,2011.0,4500.0,0.0
C0R380,枋寮,2011.0,4500.0,0.0
C0R400,楓港,2011.0,4500.0,33817.19122945545
C0R420,牡丹池山,2011.0,4500.0,5653.809325150054
C0R430,東港,2011.0,4500.0,0.0
C0R500,竹田,2011.0,4500.0,0.0
C1R090,里港,2011.0,4500.0,0.0
C1R130,阿禮,2011.0,4500.0,1276872.3947011912
C1R140,瑪家,2011.0,4500.0,189438.09731916175
C1R160,新圍,2011.0,4500.0,0.0
C1R170,屏東,2011.0,4500.0,0.0
C1R190,赤山,2011.0,4500.0,0.0
C1R200,龍泉,2011.0,4500.0,0.0
C1R201,龍泉,2011.0,4500.0,0.0
C1R210,麟洛,2011.0,4500.0,0.0
C1R230,南州,2011.0,4500.0,0.0
C1R240,來義,2011.0,4500.0,14685.532927789143
C1R260,春日,2011.0,4500.0,9287.843337142436
C1R300,旭海,2011.0,4500.0,0.0
C1R320,車城,2011.0,4500.0,1086.9190754890922
C1R330,枋山,2011.0,4500.0,1040.6987324335498
C1R340,牡丹,2011.0,4500.0,44911.44236191299
C1R440,大漢山,2011.0,4500.0,643509.2347166247
467590,恆春,2012.0,4500.0,18928.840854020764
467790,墾丁雷達站,2012.0,4500.0,4191.056896617657
C0R100,尾寮山,2012.0,4500.0,264082.2628432633
C0R130,阿禮,2012.0,4500.0,597128.8244195626
C0R140,瑪家,2012.0,4500.0,204630.65764284262
C0R150,三地門,2012.0,4500.0,6200.406827824597
C0R160,鹽埔,2012.0,4500.0,0.0
C0R170,屏東,2012.0,4500.0,0.0
C0R190,赤山,2012.0,4500.0,0.0
C0R220,潮州,2012.0,4500.0,0.0
C0R240,來義,2012.0,4500.0,6600.695571592696
C0R260,春日,2012.0,4500.0,10558.17227169771
C0R270,琉球嶼,2012.0,4500.0,0.0
C0R280,檳榔,2012.0,4500.0,1823.6945772656284
C0R320,車城,2012.0,4500.0,39102.093140959
C0R341,牡丹,2012.0,4500.0,4993.8695290480955
C0R350,貓鼻頭,2012.0,4500.0,0.0
C0R440,大漢山,2012.0,4500.0,343691.1345069859
C0R470,高樹,2012.0,4500.0,0.0
C0R480,長治,2012.0,4500.0,0.0
C0R490,九如,2012.0,4500.0,0.0
C0R510,萬丹,2012.0,4500.0,0.0
C0R520,崁頂,2012.0,4500.0,0.0
C0R530,林邊,2012.0,4500.0,0.0
C0R540,佳冬,2012.0,4500.0,0.0
C0R550,新埤,2012.0,4500.0,0.0
C0R560,新園,2012.0,4500.0,0.0
C0R570,麟洛,2012.0,4500.0,0.0
C0R580,南州,2012.0,4500.0,0.0
C0R590,里港,2012.0,4500.0,0.0
C0R600,舊泰武,2012.0,4500.0,171674.92242225716
C0R620,墾雷,2012.0,4500.0,0.0
C0R640,東港,2012.0,4500.0,0.0
C0R650,竹田,2012.0,4500.0,0.0
C0R660,枋寮,2012.0,4500.0,0.0
C0R670,楓港,2012.0,4500.0,4412.622659859812
C0R680,佳樂水,2012.0,4500.0,2750.858578694805
C0R690,墾丁,2012.0,4500.0,7696.249003386158
C0R700,枋山,2012.0,4500.0,15747.881959033055
C0R710,龍磐,2012.0,4500.0,3110.411234582627
C0R720,旭海,2012.0,4500.0,0.0
C0R730,大坪頂,2012.0,4500.0,0.0
C0R740,獅子,2012.0,4500.0,46230.53811550818
C0R750,四林格山,2012.0,4500.0,21319.85739525636
C0R760,南仁湖,2012.0,4500.0,6280.729253587402
C0R770,保力,2012.0,4500.0,16138.72308609191
C0R780,滿州,2012.0,4500.0,10871.572231395312
C0R790,九棚,2012.0,4500.0,0.0
C0R800,丹路,2012.0,4500.0,78515.58531079872
C0R810,內獅,2012.0,4500.0,10783.201898278032
C0R820,白鷺,2012.0,4500.0,246845.85607271985
C0R830,高士,2012.0,4500.0,2262.253727297723
C0R840,牡丹池山,2012.0,4500.0,0.0
C1R110,口社,2012.0,4500.0,19741.379797733305
C1R120,上德文,2012.0,4500.0,217477.8980985907
C1R250,力里,2012.0,4500.0,2442.216601792331
C1R290,石門山,2012.0,4500.0,189035.96874020112
C1R610,西大武山,2012.0,4500.0,430874.5122883948
C1R630,龍泉,2012.0,4500.0,0.0
C0R340,牡丹,2012.0,4500.0,4292.146941934117
C0R360,墾丁,2012.0,4500.0,4191.056896617657
C0R370,佳樂水,2012.0,4500.0,6941.915475312462
C0R380,枋寮,2012.0,4500.0,0.0
C0R400,楓港,2012.0,4500.0,5010.866163935199
C0R420,牡丹池山,2012.0,4500.0,250.29102746165591
C0R430,東港,2012.0,4500.0,0.0
C0R500,竹田,2012.0,4500.0,0.0
C1R090,里港,2012.0,4500.0,0.0
C1R130,阿禮,2012.0,4500.0,597448.2483498021
C1R140,瑪家,2012.0,4500.0,204923.06506630185
C1R160,新圍,2012.0,4500.0,0.0
C1R170,屏東,2012.0,4500.0,0.0
C1R190,赤山,2012.0,4500.0,0.0
C1R200,龍泉,2012.0,4500.0,0.0
C1R201,龍泉,2012.0,4500.0,0.0
C1R210,麟洛,2012.0,4500.0,0.0
C1R230,南州,2012.0,4500.0,0.0
C1R240,來義,2012.0,4500.0,6600.695571592696
C1R260,春日,2012.0,4500.0,10558.17227169771
C1R300,旭海,2012.0,4500.0,0.0
C1R320,車城,2012.0,4500.0,39102.093140959
C1R330,枋山,2012.0,4500.0,15783.9806072006
C1R340,牡丹,2012.0,4500.0,4993.8695290480955
C1R440,大漢山,2012.0,4500.0,343691.1345069859
467590,恆春,2013.0,4500.0,2919.5118272547465
467790,墾丁雷達站,2013.0,4500.0,1100.0655362858865
C0R100,尾寮山,2013.0,4500.0,301235.07879877015
C0R130,阿禮,2013.0,4500.0,724160.7698333254
C0R140,瑪家,2013.0,4500.0,561260.4228171979
C0R150,三地門,2013.0,4500.0,36119.646209604696
C0R160,鹽埔,2013.0,4500.0,0.0
C0R170,屏東,2013.0,4500.0,0.0
C0R190,赤山,2013.0,4500.0,0.0
C0R220,潮州,2013.0,4500.0,0.0
C0R240,來義,2013.0,4500.0,1601.9296123936508
C0R260,春日,2013.0,4500.0,12828.860443445092
C0R270,琉球嶼,2013.0,4500.0,0.0
C0R280,檳榔,2013.0,4500.0,5327.097491563707
C0R320,車城,2013.0,4500.0,9426.60687903041
C0R341,牡丹,2013.0,4500.0,25278.635020157642
C0R350,貓鼻頭,2013.0,4500.0,0.0
C0R440,大漢山,2013.0,4500.0,688657.7761342188
C0R470,高樹,2013.0,4500.0,0.0
C0R480,長治,2013.0,4500.0,0.0
C0R490,九如,2013.0,4500.0,0.0
C0R510,萬丹,2013.0,4500.0,0.0
C0R520,崁頂,2013.0,4500.0,0.0
C0R530,林邊,2013.0,4500.0,0.0
C0R540,佳冬,2013.0,4500.0,0.0
C0R550,新埤,2013.0,4500.0,0.0
C0R560,新園,2013.0,4500.0,0.0
C0R570,麟洛,2013.0,4500.0,0.0
C0R580,南州,2013.0,4500.0,0.0
C0R590,里港,2013.0,4500.0,0.0
C0R600,舊泰武,2013.0,4500.0,73770.28771081475
C0R620,墾雷,2013.0,4500.0,0.0
C0R640,東港,2013.0,4500.0,0.0
C0R650,竹田,2013.0,4500.0,0.0
C0R660,枋寮,2013.0,4500.0,0.0
C0R670,楓港,2013.0,4500.0,5382.388154504432
C0R680,佳樂水,2013.0,4500.0,2296.1740726570083
C0R690,墾丁,2013.0,4500.0,4019.5773635406326
C0R700,枋山,2013.0,4500.0,0.0
C0R710,龍磐,2013.0,4500.0,0.0
C0R720,旭海,2013.0,4500.0,2083.1417104252255
C0R730,大坪頂,2013.0,4500.0,0.0
C0R740,獅子,2013.0,4500.0,5382.388154504432
C0R750,四林格山,2013.0,4500.0,21129.362846214182
C0R760,南仁湖,2013.0,4500.0,12993.72076388473
C0R770,保力,2013.0,4500.0,17433.831827255734
C0R780,滿州,2013.0,4500.0,16564.664114066025
C0R790,九棚,2013.0,4500.0,4107.520530718606
C0R800,丹路,2013.0,4500.0,14505.32915900583
C0R810,內獅,2013.0,4500.0,9263.590406899459
C0R820,白鷺,2013.0,4500.0,342941.15149549826
C0R830,高士,2013.0,4500.0,1744.022686106383
C0R840,牡丹池山,2013.0,4500.0,6036.189750902673
C1R110,口社,2013.0,4500.0,44693.18595406283
C1R120,上德文,2013.0,4500.0,423053.55169091915
C1R250,力里,2013.0,4500.0,2148.3995207441244
C1R290,石門山,2013.0,4500.0,9389.000212762168
C1R610,西大武山,2013.0,4500.0,860706.9342474095
C1R630,龍泉,2013.0,4500.0,0.0
C0R340,牡丹,2013.0,4500.0,15026.737932790915
C0R360,墾丁,2013.0,4500.0,1100.0655362858865
C0R370,佳樂水,2013.0,4500.0,1905.328828034048
C0R380,枋寮,2013.0,4500.0,0.0
C0R400,楓港,2013.0,4500.0,5382.388154504432
C0R420,牡丹池山,2013.0,4500.0,6401.370642376758
C0R430,東港,2013.0,4500.0,0.0
C0R500,竹田,2013.0,4500.0,0.0
C1R090,里港,2013.0,4500.0,0.0
C1R130,阿禮,2013.0,4500.0,728245.0366865407
C1R140,瑪家,2013.0,4500.0,568781.3630611193
C1R160,新圍,2013.0,4500.0,0.0
C1R170,屏東,2013.0,4500.0,0.0
C1R190,赤山,2013.0,4500.0,0.0
C1R200,龍泉,2013.0,4500.0,0.0
C1R201,龍泉,2013.0,4500.0,0.0
C1R210,麟洛,2013.0,4500.0,0.0
C1R230,南州,2013.0,4500.0,0.0
C1R240,來義,2013.0,4500.0,1601.9296123936508
C1R260,春日,2013.0,4500.0,12828.860443445092
C1R300,旭海,2013.0,4500.0,2083.1417104252255
C1R320,車城,2013.0,4500.0,9426.60687903041
C1R330,枋山,2013.0,4500.0,0.0
C1R340,牡丹,2013.0,4500.0,25278.635020157642
C1R440,大漢山,2013.0,4500.0,688657.7761342188
467590,恆春,2014.0,4500.0,2153.488300792786
467790,墾丁雷達站,2014.0,4500.0,0.0
C0R100,尾寮山,2014.0,4500.0,143983.75306522375
C0R130,阿禮,2014.0,4500.0,618676.4247286393
C0R140,瑪家,2014.0,4500.0,265594.9067572508
C0R150,三地門,2014.0,4500.0,19077.878946834673
C0R160,鹽埔,2014.0,4500.0,0.0
C0R170,屏東,2014.0,4500.0,0.0
C0R190,赤山,2014.0,4500.0,0.0
C0R220,潮州,2014.0,4500.0,0.0
C0R240,來義,2014.0,4500.0,5747.273149026818
C0R260,春日,2014.0,4500.0,0.0
C0R270,琉球嶼,2014.0,4500.0,0.0
C0R280,檳榔,2014.0,4500.0,4600.397555566461
C0R320,車城,2014.0,4500.0,2711.14717693281
C0R341,牡丹,2014.0,4500.0,14842.898173247295
C0R350,貓鼻頭,2014.0,4500.0,0.0
C0R440,大漢山,2014.0,4500.0,215639.09975714117
C0R470,高樹,2014.0,4500.0,0.0
C0R480,長治,2014.0,4500.0,0.0
C0R490,九如,2014.0,4500.0,0.0
C0R510,萬丹,2014.0,4500.0,0.0
C0R520,崁頂,2014.0,4500.0,0.0
C0R530,林邊,2014.0,4500.0,0.0
C0R540,佳冬,2014.0,4500.0,0.0
C0R550,新埤,2014.0,4500.0,0.0
C0R560,新園,2014.0,4500.0,0.0
C0R570,麟洛,2014.0,4500.0,0.0
C0R580,南州,2014.0,4500.0,0.0
C0R590,里港,2014.0,4500.0,0.0
C0R600,舊泰武,2014.0,4500.0,53289.45214368943
C0R620,墾雷,2014.0,4500.0,0.0
C0R640,東港,2014.0,4500.0,0.0
C0R650,竹田,2014.0,4500.0,0.0
C0R660,枋寮,2014.0,4500.0,0.0
C0R670,楓港,2014.0,4500.0,6320.865540257915
C0R680,佳樂水,2014.0,4500.0,0.0
C0R690,墾丁,2014.0,4500.0,0.0
C0R700,枋山,2014.0,4500.0,0.0
C0R710,龍磐,2014.0,4500.0,0.0
C0R720,旭海,2014.0,4500.0,4897.925313058692
C0R730,大坪頂,2014.0,4500.0,0.0
C0R740,獅子,2014.0,4500.0,6309.76144449439
C0R750,四林格山,2014.0,4500.0,12756.865148360303
C0R760,南仁湖,2014.0,4500.0,5340.154704972884
C0R770,保力,2014.0,4500.0,12500.559846412136
C0R780,滿州,2014.0,4500.0,1722.91875065954
C0R790,九棚,2014.0,4500.0,0.0
C0R800,丹路,2014.0,4500.0,6189.680193827973
C0R810,內獅,2014.0,4500.0,5558.649007158683
C0R820,白鷺,2014.0,4500.0,141757.94336606917
C0R830,高士,2014.0,4500.0,6256.430293307821
C0R840,牡丹池山,2014.0,4500.0,1720.3402167182749
C1R110,口社,2014.0,4500.0,22187.87920985744
C1R120,上德文,2014.0,4500.0,260529.28869646724
C1R250,力里,2014.0,4500.0,14604.033025072502
C1R290,石門山,2014.0,4500.0,10787.700234950436
C1R610,西大武山,2014.0,4500.0,923449.8296388002
C1R630,龍泉,2014.0,4500.0,0.0
C0R340,牡丹,2014.0,4500.0,3090.570828584516
C0R360,墾丁,2014.0,4500.0,0.0
C0R370,佳樂水,2014.0,4500.0,0.0
C0R380,枋寮,2014.0,4500.0,0.0
C0R400,楓港,2014.0,4500.0,6783.544819956916
C0R420,牡丹池山,2014.0,4500.0,2561.398085457353
C0R430,東港,2014.0,4500.0,0.0
C0R500,竹田,2014.0,4500.0,0.0
C1R090,里港,2014.0,4500.0,0.0
C1R130,阿禮,2014.0,4500.0,622137.7374827613
C1R140,瑪家,2014.0,4500.0,268697.492619017
C1R160,新圍,2014.0,4500.0,0.0
C1R170,屏東,2014.0,4500.0,0.0
C1R190,赤山,2014.0,4500.0,0.0
C1R200,龍泉,2014.0,4500.0,0.0
C1R201,龍泉,2014.0,4500.0,0.0
C1R210,麟洛,2014.0,4500.0,0.0
C1R230,南州,2014.0,4500.0,0.0
C1R240,來義,2014.0,4500.0,5747.273149026818
C1R260,春日,2014.0,4500.0,0.0
C1R300,旭海,2014.0,4500.0,2703.2153808862176
C1R320,車城,2014.0,4500.0,2711.14717693281
C1R330,枋山,2014.0,4500.0,0.0
C1R340,牡丹,2014.0,4500.0,14842.898173247295
C1R440,大漢山,2014.0,4500.0,215639.09975714117
467590,恆春,2015.0,4500.0,20782.064709665545
467790,墾丁雷達站,2015.0,4500.0,3598.9396829956568
C0R100,尾寮山,2015.0,4500.0,86604.91903762601
C0R130,阿禮,2015.0,4500.0,396356.6044259509
C0R140,瑪家,2015.0,4500.0,353536.9488515372
C0R150,三地門,2015.0,4500.0,24213.20124555645
C0R160,鹽埔,2015.0,4500.0,0.0
C0R170,屏東,2015.0,4500.0,0.0
C0R190,赤山,2015.0,4500.0,0.0
C0R220,潮州,2015.0,4500.0,0.0
C0R240,來義,2015.0,4500.0,0.0
C0R260,春日,2015.0,4500.0,10658.651802477325
C0R270,琉球嶼,2015.0,4500.0,0.0
C0R280,檳榔,2015.0,4500.0,27623.598554319124
C0R320,車城,2015.0,4500.0,61031.013610896574
C0R341,牡丹,2015.0,4500.0,33530.872345994234
C0R350,貓鼻頭,2015.0,4500.0,0.0
C0R440,大漢山,2015.0,4500.0,315197.86991361383
C0R470,高樹,2015.0,4500.0,0.0
C0R480,長治,2015.0,4500.0,0.0
C0R490,九如,2015.0,4500.0,0.0
C0R510,萬丹,2015.0,4500.0,0.0
C0R520,崁頂,2015.0,4500.0,0.0
C0R530,林邊,2015.0,4500.0,0.0
C0R540,佳冬,2015.0,4500.0,0.0
C0R550,新埤,2015.0,4500.0,0.0
C0R560,新園,2015.0,4500.0,0.0
C0R570,麟洛,2015.0,4500.0,0.0
C0R580,南州,2015.0,4500.0,0.0
C0R590,里港,2015.0,4500.0,0.0
C0R600,舊泰武,2015.0,4500.0,54384.860305574904
C0R620,墾雷,2015.0,4500.0,0.0
C0R640,東港,2015.0,4500.0,0.0
C0R650,竹田,2015.0,4500.0,0.0
C0R660,枋寮,2015.0,4500.0,0.0
C0R670,楓港,2015.0,4500.0,3804.1868557018956
C0R680,佳樂水,2015.0,4500.0,0.0
C0R690,墾丁,2015.0,4500.0,5632.271864988796
C0R700,枋山,2015.0,4500.0,12476.877521610259
C0R710,龍磐,2015.0,4500.0,3598.9396829956568
C0R720,旭海,2015.0,4500.0,275.3052698296493
C0R730,大坪頂,2015.0,4500.0,0.0
C0R740,獅子,2015.0,4500.0,3063.0807645968366
C0R750,四林格山,2015.0,4500.0,27809.73646119709
C0R760,南仁湖,2015.0,4500.0,0.0
C0R770,保力,2015.0,4500.0,8044.690502738277
C0R780,滿州,2015.0,4500.0,0.0
C0R790,九棚,2015.0,4500.0,0.0
C0R800,丹路,2015.0,4500.0,24550.237192204386
C0R810,內獅,2015.0,4500.0,5966.245906058762
C0R820,白鷺,2015.0,4500.0,124445.81610855926
C0R830,高士,2015.0,4500.0,22614.841072267725
C0R840,牡丹池山,2015.0,4500.0,0.0
C1R110,口社,2015.0,4500.0,5717.939646712527
C1R120,上德文,2015.0,4500.0,150457.77917427453
C1R250,力里,2015.0,4500.0,1798.561838997131
C1R290,石門山,2015.0,4500.0,201622.13513541757
C1R610,西大武山,2015.0,4500.0,612623.6688943245
C1R630,龍泉,2015.0,4500.0,0.0
C0R340,牡丹,2015.0,4500.0,9198.360076833078
C0R360,墾丁,2015.0,4500.0,3598.9396829956568
C0R370,佳樂水,2015.0,4500.0,3598.9396829956568
C0R380,枋寮,2015.0,4500.0,0.0
C0R400,楓港,2015.0,4500.0,3804.1868557018956
C0R420,牡丹池山,2015.0,4500.0,0.0
C0R430,東港,2015.0,4500.0,0.0
C0R500,竹田,2015.0,4500.0,0.0
C1R090,里港,2015.0,4500.0,0.0
C1R130,阿禮,2015.0,4500.0,396792.18922353757
C1R140,瑪家,2015.0,4500.0,354572.9969177201
C1R160,新圍,2015.0,4500.0,0.0
C1R170,屏東,2015.0,4500.0,0.0
C1R190,赤山,2015.0,4500.0,0.0
C1R200,龍泉,2015.0,4500.0,0.0
C1R201,龍泉,2015.0,4500.0,0.0
C1R210,麟洛,2015.0,4500.0,0.0
C1R230,南州,2015.0,4500.0,0.0
C1R240,來義,2015.0,4500.0,0.0
C1R260,春日,2015.0,4500.0,10658.651802477325
C1R300,旭海,2015.0,4500.0,213.7444553283101
C1R320,車城,2015.0,4500.0,61031.013610896574
C1R330,枋山,2015.0,4500.0,12476.877521610259
C1R340,牡丹,2015.0,4500.0,33530.872345994234
C1R440,大漢山,2015.0,4500.0,315197.86991361383
467590,恆春,2016.0,4500.0,6833.741259669423
467790,墾丁雷達站,2016.0,4500.0,4038.607934795286
C0R100,尾寮山,2016.0,4500.0,287309.69936689764
C0R130,阿禮,2016.0,4500.0,610393.4378289506
C0R140,瑪家,2016.0,4500.0,167234.64772924184
C0R150,三地門,2016.0,4500.0,33843.0705062096
C0R160,鹽埔,2016.0,4500.0,0.0
C0R170,屏東,2016.0,4500.0,0.0
C0R190,赤山,2016.0,4500.0,0.0
C0R220,潮州,2016.0,4500.0,0.0
C0R240,來義,2016.0,4500.0,7175.166896536326
C0R260,春日,2016.0,4500.0,27405.802404532024
C0R270,琉球嶼,2016.0,4500.0,0.0
C0R280,檳榔,2016.0,4500.0,168.23536722657323
C0R320,車城,2016.0,4500.0,2397.462159687149
C0R341,牡丹,2016.0,4500.0,13720.019915927414
C0R350,貓鼻頭,2016.0,4500.0,0.0
C0R440,大漢山,2016.0,4500.0,541513.288991362
C0R470,高樹,2016.0,4500.0,0.0
C0R480,長治,2016.0,4500.0,0.0
C0R490,九如,2016.0,4500.0,0.0
C0R510,萬丹,2016.0,4500.0,0.0
C0R520,崁頂,2016.0,4500.0,0.0
C0R530,林邊,2016.0,4500.0,0.0
C0R540,佳冬,2016.0,4500.0,0.0
C0R550,新埤,2016.0,4500.0,0.0
C0R560,新園,2016.0,4500.0,0.0
C0R570,麟洛,2016.0,4500.0,0.0
C0R580,南州,2016.0,4500.0,0.0
C0R590,里港,2016.0,4500.0,0.0
C0R600,舊泰武,2016.0,4500.0,59479.87236336251
C0R620,墾雷,2016.0,4500.0,0.0
C0R640,東港,2016.0,4500.0,0.0
C0R650,竹田,2016.0,4500.0,0.0
C0R660,枋寮,2016.0,4500.0,0.0
C0R670,楓港,2016.0,4500.0,6030.2999109391485
C0R680,佳樂水,2016.0,4500.0,1231.6992283835664
C0R690,墾丁,2016.0,4500.0,4496.082268765738
C0R700,枋山,2016.0,4500.0,3917.2678363876735
C0R710,龍磐,2016.0,4500.0,296.14606461680773
C0R720,旭海,2016.0,4500.0,0.0
C0R730,大坪頂,2016.0,4500.0,0.0
C0R740,獅子,2016.0,4500.0,6030.2999109391485
C0R750,四林格山,2016.0,4500.0,33440.15858786722
C0R760,南仁湖,2016.0,4500.0,5871.199383706699
C0R770,保力,2016.0,4500.0,25301.75572101069
C0R780,滿州,2016.0,4500.0,19212.086188689944
C0R790,九棚,2016.0,4500.0,1879.183217547498
C0R800,丹路,2016.0,4500.0,7028.132096010511
C0R810,內獅,2016.0,4500.0,11775.080523627626
C0R820,白鷺,2016.0,4500.0,88696.1000385593
C0R830,高士,2016.0,4500.0,4431.93094815472
C0R840,牡丹池山,2016.0,4500.0,720.069872151508
C1R110,口社,2016.0,4500.0,15430.485468774463
C1R120,上德文,2016.0,4500.0,325594.28303056734
C1R250,力里,2016.0,4500.0,17794.979724149838
C1R290,石門山,2016.0,4500.0,24708.23337121351
C1R610,西大武山,2016.0,4500.0,555948.0694410428
C1R630,龍泉,2016.0,4500.0,0.0
C0R340,牡丹,2016.0,4500.0,1972.1285687100508
C0R360,墾丁,2016.0,4500.0,4038.607934795286
C0R370,佳樂水,2016.0,4500.0,5270.307163178853
C0R380,枋寮,2016.0,4500.0,0.0
C0R400,楓港,2016.0,4500.0,6030.2999109391485
C0R420,牡丹池山,2016.0,4500.0,2266.454491362364
C0R430,東港,2016.0,4500.0,0.0
C0R500,竹田,2016.0,4500.0,0.0
C1R090,里港,2016.0,4500.0,0.0
C1R130,阿禮,2016.0,4500.0,608018.2394820306
C1R140,瑪家,2016.0,4500.0,168514.09170853253
C1R160,新圍,2016.0,4500.0,0.0
C1R170,屏東,2016.0,4500.0,0.0
C1R190,赤山,2016.0,4500.0,0.0
C1R200,龍泉,2016.0,4500.0,0.0
C1R201,龍泉,2016.0,4500.0,0.0
C1R210,麟洛,2016.0,4500.0,0.0
C1R230,南州,2016.0,4500.0,0.0
C1R240,來義,2016.0,4500.0,7175.166896536326
C1R260,春日,2016.0,4500.0,27405.802404532024
C1R300,旭海,2016.0,4500.0,0.0
C1R320,車城,2016.0,4500.0,2397.462159687149
C1R330,枋山,2016.0,4500.0,3917.2678363876735
C1R340,牡丹,2016.0,4500.0,13720.019915927414
C1R440,大漢山,2016.0,4500.0,541513.288991362
467590,恆春,2017.0,4500.0,19212.40424116753
467790,墾丁雷達站,2017.0,4500.0,23898.2182374254
C0R100,尾寮山,2017.0,4500.0,114417.19205068151
C0R130,阿禮,2017.0,4500.0,640938.1659865356
C0R140,瑪家,2017.0,4500.0,164365.63612485037
C0R150,三地門,2017.0,4500.0,9821.305072889909
C0R160,鹽埔,2017.0,4500.0,0.0
C0R170,屏東,2017.0,4500.0,0.0
C0R190,赤山,2017.0,4500.0,0.0
C0R220,潮州,2017.0,4500.0,0.0
C0R240,來義,2017.0,4500.0,1571.1177471648227
C0R260,春日,2017.0,4500.0,6995.4587561164535
C0R270,琉球嶼,2017.0,4500.0,0.0
C0R280,檳榔,2017.0,4500.0,7806.256038097057
C0R320,車城,2017.0,4500.0,41364.9315950467
C0R341,牡丹,2017.0,4500.0,12184.371432885499
C0R350,貓鼻頭,2017.0,4500.0,0.0
C0R440,大漢山,2017.0,4500.0,305827.09639599576
C0R470,高樹,2017.0,4500.0,0.0
C0R480,長治,2017.0,4500.0,0.0
C0R490,九如,2017.0,4500.0,0.0
C0R510,萬丹,2017.0,4500.0,0.0
C0R520,崁頂,2017.0,4500.0,0.0
C0R530,林邊,2017.0,4500.0,0.0
C0R540,佳冬,2017.0,4500.0,0.0
C0R550,新埤,2017.0,4500.0,0.0
C0R560,新園,2017.0,4500.0,0.0
C0R570,麟洛,2017.0,4500.0,0.0
C0R580,南州,2017.0,4500.0,0.0
C0R590,里港,2017.0,4500.0,0.0
C0R600,舊泰武,2017.0,4500.0,46294.16764229832
C0R620,墾雷,2017.0,4500.0,0.0
C0R640,東港,2017.0,4500.0,0.0
C0R650,竹田,2017.0,4500.0,0.0
C0R660,枋寮,2017.0,4500.0,0.0
C0R670,楓港,2017.0,4500.0,7994.001238813846
C0R680,佳樂水,2017.0,4500.0,3408.8205272747073
C0R690,墾丁,2017.0,4500.0,23898.2182374254
C0R700,枋山,2017.0,4500.0,12481.627512679644
C0R710,龍磐,2017.0,4500.0,18545.389663990925
C0R720,旭海,2017.0,4500.0,4118.643360076844
C0R730,大坪頂,2017.0,4500.0,0.0
C0R740,獅子,2017.0,4500.0,9392.774855962545
C0R750,四林格山,2017.0,4500.0,32593.100282712083
C0R760,南仁湖,2017.0,4500.0,32689.359704352584
C0R770,保力,2017.0,4500.0,20208.76768956949
C0R780,滿州,2017.0,4500.0,28336.468536486584
C0R790,九棚,2017.0,4500.0,4755.319550588734
C0R800,丹路,2017.0,4500.0,37408.04338954161
C0R810,內獅,2017.0,4500.0,1655.037101671938
C0R820,白鷺,2017.0,4500.0,82909.99965015038
C0R830,高士,2017.0,4500.0,5721.008091049921
C0R840,牡丹池山,2017.0,4500.0,120.59740419735047
C1R110,口社,2017.0,4500.0,16343.408878280994
C1R120,上德文,2017.0,4500.0,316007.3513939743
C1R250,力里,2017.0,4500.0,970.9422840043759
C1R290,石門山,2017.0,4500.0,174336.16334093944
C1R610,西大武山,2017.0,4500.0,420155.7435213268
C1R630,龍泉,2017.0,4500.0,0.0
C0R340,牡丹,2017.0,4500.0,957.648855617976
C0R360,墾丁,2017.0,4500.0,22201.539312067798
C0R370,佳樂水,2017.0,4500.0,6627.123313697164
C0R380,枋寮,2017.0,4500.0,0.0
C0R400,楓港,2017.0,4500.0,7994.001238813846
C0R420,牡丹池山,2017.0,4500.0,392.89072964726415
C0R430,東港,2017.0,4500.0,0.0
C0R500,竹田,2017.0,4500.0,0.0
C1R090,里港,2017.0,4500.0,0.0
C1R130,阿禮,2017.0,4500.0,645595.98582191
C1R140,瑪家,2017.0,4500.0,168425.45346228324
C1R160,新圍,2017.0,4500.0,0.0
C1R170,屏東,2017.0,4500.0,0.0
C1R190,赤山,2017.0,4500.0,0.0
C1R200,龍泉,2017.0,4500.0,0.0
C1R201,龍泉,2017.0,4500.0,0.0
C1R210,麟洛,2017.0,4500.0,0.0
C1R230,南州,2017.0,4500.0,0.0
C1R240,來義,2017.0,4500.0,1571.1177471648227
C1R260,春日,2017.0,4500.0,6995.4587561164535
C1R300,旭海,2017.0,4500.0,2156.6935452285816
C1R320,車城,2017.0,4500.0,41364.9315950467
C1R330,枋山,2017.0,4500.0,12481.627512679644
C1R340,牡丹,2017.0,4500.0,12184.371432885499
C1R440,大漢山,2017.0,4500.0,305827.09639599576
